img_path,mp3_path
https://drive.google.com/uc?id=1JBPDuAH8QsAouIxBUKTVToa3931vKGTi,
https://drive.google.com/uc?id=1FuzWo996AnxO5E4eiz2eSc0bbODO7Mok,
https://drive.google.com/uc?id=1vsVjL5RNsnfuQ0SR01CyU2NYjQCrTJ1z,
https://drive.google.com/uc?id=133ixu9J-z5IbuSm7JTkjIxBWh0CHicvr,
https://drive.google.com/uc?id=1qdH6OY4d0-jXvx49kvANly9QgSou-pSi,
https://drive.google.com/uc?id=16kUMnt-N-af6uVH_NSGc5Egk_pTY_mE7,
https://drive.google.com/uc?id=1a451DeP8_2bmGBI9m6R9xIsPkN7QuAlF,
https://drive.google.com/uc?id=1arKUpjhv597R2Eyh4AoYb9hcEwjlfpQc,
https://drive.google.com/uc?id=1f5kyhMHetlcPBaSSz84VIh7GZyTXQJVE,
https://drive.google.com/uc?id=1Iz8ttv41ueFgx8_qq0C22KZbgUpiA6vH,
https://drive.google.com/uc?id=1nxRDDbsl-bvRvn9WepRS4kSRtpGoxudl,
https://drive.google.com/uc?id=1JDbznk43XrVlb7RjS2ksmDR5WF3LR6Ra,
https://drive.google.com/uc?id=1BFOniw9dHbjaZ5Qb5MRQHIPlO3Y2BPy9,
https://drive.google.com/uc?id=1T7SB_jwD0t5IM8wy1uDEFAUMtvP9j46W,
https://drive.google.com/uc?id=1gxMRqMP-v7GW9ilZCfSwJJYKMKHXOIKN,
https://drive.google.com/uc?id=1DkCbW9BLxtwl6NkNSfotJVIY7XdxOO8Q,
https://drive.google.com/uc?id=1zm3A0UGk2JsDVBv9KFGlOYw5-HW33jkh,
https://drive.google.com/uc?id=1AyYn47D40mh3lzbhtjbDh93bjzZ2fdwj,
https://drive.google.com/uc?id=1vWLKwz-tCWzA-xouzanm8uKSaMu9_AG7,
https://drive.google.com/uc?id=1XSdUpzareZrkUMuOxR8Ks_kjp8slUaP_,
https://drive.google.com/uc?id=13GhtBULDN0C7qzpYnRATzmQnRCJmP9Fm,